symbol,has_image,vcp_detected,vcp_confidence,cup_handle_detected,cup_handle_confidence,detection_date,error
AMZE,False,False,0.0,False,0.0,2025-06-22,Data fetch failed
SNSE,False,False,0.0,False,0.0,2025-06-22,Data fetch failed
ARBB,False,False,0.0,False,0.0,2025-06-22,Data fetch failed
TMCWW,False,False,0.0,False,0.0,2025-06-22,Data fetch failed
JFBR,False,False,0.0,False,0.0,2025-06-22,Data fetch failed
UNCY,False,False,0.0,False,0.0,2025-06-22,Data fetch failed
BOLT,False,False,0.0,False,0.0,2025-06-22,Data fetch failed
ASPS,False,False,0.0,False,0.0,2025-06-22,Data fetch failed
INUV,False,False,0.0,False,0.0,2025-06-22,Data fetch failed
CLRO,False,False,0.0,False,0.0,2025-06-22,Data fetch failed
PXLW,False,False,0.0,False,0.0,2025-06-22,Data fetch failed
AEVA,False,False,0.0,False,0.0,2025-06-22,Data fetch failed
MVST,False,False,0.0,False,0.0,2025-06-22,Data fetch failed
QSG,False,False,0.0,False,0.0,2025-06-22,Data fetch failed
DBVT,False,False,0.0,False,0.0,2025-06-22,Data fetch failed
TMC,False,False,0.0,False,0.0,2025-06-22,Data fetch failed
SEZL,False,False,0.0,False,0.0,2025-06-22,Data fetch failed
TDUP,False,False,0.0,False,0.0,2025-06-22,Data fetch failed
RGLS,False,False,0.0,False,0.0,2025-06-22,Data fetch failed
QNTM,False,False,0.0,False,0.0,2025-06-22,Data fetch failed
OKLO,False,False,0.0,False,0.0,2025-06-22,Data fetch failed
TSSI,False,False,0.0,False,0.0,2025-06-22,Data fetch failed
TGEN,False,False,0.0,False,0.0,2025-06-22,Data fetch failed
DVS,False,False,0.0,False,0.0,2025-06-22,Data fetch failed
MFI,False,False,0.0,False,0.0,2025-06-22,Data fetch failed
AZ,False,False,0.0,False,0.0,2025-06-22,Data fetch failed
SVT,False,False,0.0,False,0.0,2025-06-22,Data fetch failed
PSIX,False,False,0.0,False,0.0,2025-06-22,Data fetch failed
PDYNW,False,False,0.0,False,0.0,2025-06-22,Data fetch failed
PRCH,False,False,0.0,False,0.0,2025-06-22,Data fetch failed
NEON,False,False,0.0,False,0.0,2025-06-22,Data fetch failed
BTM,False,False,0.0,False,0.0,2025-06-22,Data fetch failed
AMBR,False,False,0.0,False,0.0,2025-06-22,Data fetch failed
HOVR,False,False,0.0,False,0.0,2025-06-22,Data fetch failed
CTEV,False,False,0.0,False,0.0,2025-06-22,Data fetch failed
LEU,False,False,0.0,False,0.0,2025-06-22,Data fetch failed
NAK,False,False,0.0,False,0.0,2025-06-22,Data fetch failed
APPS,False,False,0.0,False,0.0,2025-06-22,Data fetch failed
ABVC,False,False,0.0,False,0.0,2025-06-22,Data fetch failed
SMR,False,False,0.0,False,0.0,2025-06-22,Data fetch failed
ASM,False,False,0.0,False,0.0,2025-06-22,Data fetch failed
NAGE,False,False,0.0,False,0.0,2025-06-22,Data fetch failed
PLTR,False,False,0.0,False,0.0,2025-06-22,Data fetch failed
RKLB,False,False,0.0,False,0.0,2025-06-22,Data fetch failed
VRNA,False,False,0.0,False,0.0,2025-06-22,Data fetch failed
GRPN,False,False,0.0,False,0.0,2025-06-22,Data fetch failed
CNVS,False,False,0.0,False,0.0,2025-06-22,Data fetch failed
AMPX,False,False,0.0,False,0.0,2025-06-22,Data fetch failed
NVTS,False,False,0.0,False,0.0,2025-06-22,Data fetch failed
LFMD,False,False,0.0,False,0.0,2025-06-22,Data fetch failed
JUNE,False,False,0.0,False,0.0,2025-06-22,Data fetch failed
HOOD,False,False,0.0,False,0.0,2025-06-22,Data fetch failed
GRAL,False,False,0.0,False,0.0,2025-06-22,Data fetch failed
HIMS,False,False,0.0,False,0.0,2025-06-22,Data fetch failed
NRSN,False,False,0.0,False,0.0,2025-06-22,Data fetch failed
ALLT,False,False,0.0,False,0.0,2025-06-22,Data fetch failed
SRRK,False,False,0.0,False,0.0,2025-06-22,Data fetch failed
XGN,False,False,0.0,False,0.0,2025-06-22,Data fetch failed
AKBA,False,False,0.0,False,0.0,2025-06-22,Data fetch failed
USAS,False,False,0.0,False,0.0,2025-06-22,Data fetch failed
MASS,False,False,0.0,False,0.0,2025-06-22,Data fetch failed
YSG,False,False,0.0,False,0.0,2025-06-22,Data fetch failed
JFIN,False,False,0.0,False,0.0,2025-06-22,Data fetch failed
CRDO,False,False,0.0,False,0.0,2025-06-22,Data fetch failed
CRK,False,False,0.0,False,0.0,2025-06-22,Data fetch failed
RAYA,False,False,0.0,False,0.0,2025-06-22,Data fetch failed
ICAD,False,False,0.0,False,0.0,2025-06-22,Data fetch failed
RBLX,False,False,0.0,False,0.0,2025-06-22,Data fetch failed
IDN,False,False,0.0,False,0.0,2025-06-22,Data fetch failed
ATYR,False,False,0.0,False,0.0,2025-06-22,Data fetch failed
BLBX,False,False,0.0,False,0.0,2025-06-22,Data fetch failed
ORLA,False,False,0.0,False,0.0,2025-06-22,Data fetch failed
ADPT,False,False,0.0,False,0.0,2025-06-22,Data fetch failed
CFSB,False,False,0.0,False,0.0,2025-06-22,Data fetch failed
FARO,False,False,0.0,False,0.0,2025-06-22,Data fetch failed
COE,False,False,0.0,False,0.0,2025-06-22,Data fetch failed
CLS,False,False,0.0,False,0.0,2025-06-22,Data fetch failed
GORO,False,False,0.0,False,0.0,2025-06-22,Data fetch failed
PRE,False,False,0.0,False,0.0,2025-06-22,Data fetch failed
EYE,False,False,0.0,False,0.0,2025-06-22,Data fetch failed
OPOF,False,False,0.0,False,0.0,2025-06-22,Data fetch failed
GRNQ,False,False,0.0,False,0.0,2025-06-22,Data fetch failed
GEV,False,False,0.0,False,0.0,2025-06-22,Data fetch failed
BYRN,False,False,0.0,False,0.0,2025-06-22,Data fetch failed
NET,False,False,0.0,False,0.0,2025-06-22,Data fetch failed
LMB,False,False,0.0,False,0.0,2025-06-22,Data fetch failed
SSRM,False,False,0.0,False,0.0,2025-06-22,Data fetch failed
SKE,False,False,0.0,False,0.0,2025-06-22,Data fetch failed
GOGO,False,False,0.0,False,0.0,2025-06-22,Data fetch failed
CRMD,False,False,0.0,False,0.0,2025-06-22,Data fetch failed
OSS,False,False,0.0,False,0.0,2025-06-22,Data fetch failed
UUU,False,False,0.0,False,0.0,2025-06-22,Data fetch failed
ISBA,False,False,0.0,False,0.0,2025-06-22,Data fetch failed
OPRT,False,False,0.0,False,0.0,2025-06-22,Data fetch failed
ISSC,False,False,0.0,False,0.0,2025-06-22,Data fetch failed
CYD,False,False,0.0,False,0.0,2025-06-22,Data fetch failed
KFS,False,False,0.0,False,0.0,2025-06-22,Data fetch failed
AKRO,False,False,0.0,False,0.0,2025-06-22,Data fetch failed
EAT,False,False,0.0,False,0.0,2025-06-22,Data fetch failed
NGD,False,False,0.0,False,0.0,2025-06-22,Data fetch failed
EVLV,False,False,0.0,False,0.0,2025-06-22,Data fetch failed
PL,False,False,0.0,False,0.0,2025-06-22,Data fetch failed
CVAC,False,False,0.0,False,0.0,2025-06-22,Data fetch failed
ATAI,False,False,0.0,False,0.0,2025-06-22,Data fetch failed
JNUG,False,False,0.0,False,0.0,2025-06-22,Data fetch failed
CAR,False,False,0.0,False,0.0,2025-06-22,Data fetch failed
TTMI,False,False,0.0,False,0.0,2025-06-22,Data fetch failed
PRPO,False,False,0.0,False,0.0,2025-06-22,Data fetch failed
SMDD,False,False,0.0,False,0.0,2025-06-22,Data fetch failed
TPC,False,False,0.0,False,0.0,2025-06-22,Data fetch failed
AXON,False,False,0.0,False,0.0,2025-06-22,Data fetch failed
VZLA,False,False,0.0,False,0.0,2025-06-22,Data fetch failed
AU,False,False,0.0,False,0.0,2025-06-22,Data fetch failed
ESLT,False,False,0.0,False,0.0,2025-06-22,Data fetch failed
PPIH,False,False,0.0,False,0.0,2025-06-22,Data fetch failed
SNT,False,False,0.0,False,0.0,2025-06-22,Data fetch failed
NIU,False,False,0.0,False,0.0,2025-06-22,Data fetch failed
STRL,False,False,0.0,False,0.0,2025-06-22,Data fetch failed
TLN,False,False,0.0,False,0.0,2025-06-22,Data fetch failed
CRS,False,False,0.0,False,0.0,2025-06-22,Data fetch failed
PGY,False,False,0.0,False,0.0,2025-06-22,Data fetch failed
CKPT,False,False,0.0,False,0.0,2025-06-22,Data fetch failed
SLNO,False,False,0.0,False,0.0,2025-06-22,Data fetch failed
GROY,False,False,0.0,False,0.0,2025-06-22,Data fetch failed
NUGT,False,False,0.0,False,0.0,2025-06-22,Data fetch failed
ATRO,False,False,0.0,False,0.0,2025-06-22,Data fetch failed
LMND,False,False,0.0,False,0.0,2025-06-22,Data fetch failed
SPOT,False,False,0.0,False,0.0,2025-06-22,Data fetch failed
SBSW,False,False,0.0,False,0.0,2025-06-22,Data fetch failed
KTOS,False,False,0.0,False,0.0,2025-06-22,Data fetch failed
VST,False,False,0.0,False,0.0,2025-06-22,Data fetch failed
SHNY,False,False,0.0,False,0.0,2025-06-22,Data fetch failed
TLSA,False,False,0.0,False,0.0,2025-06-22,Data fetch failed
SRAD,False,False,0.0,False,0.0,2025-06-22,Data fetch failed
ARMN,False,False,0.0,False,0.0,2025-06-22,Data fetch failed
TPB,False,False,0.0,False,0.0,2025-06-22,Data fetch failed
NYAX,False,False,0.0,False,0.0,2025-06-22,Data fetch failed
ZS,False,False,0.0,False,0.0,2025-06-22,Data fetch failed
JBL,False,False,0.0,False,0.0,2025-06-22,Data fetch failed
CCRD,False,False,0.0,False,0.0,2025-06-22,Data fetch failed
STRT,False,False,0.0,False,0.0,2025-06-22,Data fetch failed
TEM,False,False,0.0,False,0.0,2025-06-22,Data fetch failed
FEIM,False,False,0.0,False,0.0,2025-06-22,Data fetch failed
ESP,False,False,0.0,False,0.0,2025-06-22,Data fetch failed
THM,False,False,0.0,False,0.0,2025-06-22,Data fetch failed
KGC,False,False,0.0,False,0.0,2025-06-22,Data fetch failed
IHS,False,False,0.0,False,0.0,2025-06-22,Data fetch failed
CRPT,False,False,0.0,False,0.0,2025-06-22,Data fetch failed
BBW,False,False,0.0,False,0.0,2025-06-22,Data fetch failed
LLYVA,False,False,0.0,False,0.0,2025-06-22,Data fetch failed
GDMN,False,False,0.0,False,0.0,2025-06-22,Data fetch failed
LLYVK,False,False,0.0,False,0.0,2025-06-22,Data fetch failed
HEES,False,False,0.0,False,0.0,2025-06-22,Data fetch failed
TPR,False,False,0.0,False,0.0,2025-06-22,Data fetch failed
CLBR,False,False,0.0,False,0.0,2025-06-22,Data fetch failed
APEI,False,False,0.0,False,0.0,2025-06-22,Data fetch failed
SII,False,False,0.0,False,0.0,2025-06-22,Data fetch failed
BOSC,False,False,0.0,False,0.0,2025-06-22,Data fetch failed
AHR,False,False,0.0,False,0.0,2025-06-22,Data fetch failed
SSSS,False,False,0.0,False,0.0,2025-06-22,Data fetch failed
TME,False,False,0.0,False,0.0,2025-06-22,Data fetch failed
SAND,False,False,0.0,False,0.0,2025-06-22,Data fetch failed
DC,False,False,0.0,False,0.0,2025-06-22,Data fetch failed
FUTU,False,False,0.0,False,0.0,2025-06-22,Data fetch failed
ASA,False,False,0.0,False,0.0,2025-06-22,Data fetch failed
SLSR,False,False,0.0,False,0.0,2025-06-22,Data fetch failed
RDVT,False,False,0.0,False,0.0,2025-06-22,Data fetch failed
ARKW,False,False,0.0,False,0.0,2025-06-22,Data fetch failed
COOP,False,False,0.0,False,0.0,2025-06-22,Data fetch failed
CMPO,False,False,0.0,False,0.0,2025-06-22,Data fetch failed
MOBBW,False,False,0.0,False,0.0,2025-06-22,Data fetch failed
CCJ,False,False,0.0,False,0.0,2025-06-22,Data fetch failed
MIR,False,False,0.0,False,0.0,2025-06-22,Data fetch failed
IDT,False,False,0.0,False,0.0,2025-06-22,Data fetch failed
AUMI,False,False,0.0,False,0.0,2025-06-22,Data fetch failed
SNOW,False,False,0.0,False,0.0,2025-06-22,Data fetch failed
RDUS,False,False,0.0,False,0.0,2025-06-22,Data fetch failed
NFLX,False,False,0.0,False,0.0,2025-06-22,Data fetch failed
YYGH,False,False,0.0,False,0.0,2025-06-22,Data fetch failed
ARLO,False,False,0.0,False,0.0,2025-06-22,Data fetch failed
GFI,False,False,0.0,False,0.0,2025-06-22,Data fetch failed
JOBY,False,False,0.0,False,0.0,2025-06-22,Data fetch failed
MAG,False,False,0.0,False,0.0,2025-06-22,Data fetch failed
GH,False,False,0.0,False,0.0,2025-06-22,Data fetch failed
DHX,False,False,0.0,False,0.0,2025-06-22,Data fetch failed
SHLD,False,False,0.0,False,0.0,2025-06-22,Data fetch failed
GOSS,False,False,0.0,False,0.0,2025-06-22,Data fetch failed
TSAT,False,False,0.0,False,0.0,2025-06-22,Data fetch failed
DRS,False,False,0.0,False,0.0,2025-06-22,Data fetch failed
SGDM,False,False,0.0,False,0.0,2025-06-22,Data fetch failed
SAN,False,False,0.0,False,0.0,2025-06-22,Data fetch failed
CTLP,False,False,0.0,False,0.0,2025-06-22,Data fetch failed
REVG,False,False,0.0,False,0.0,2025-06-22,Data fetch failed
IPI,False,False,0.0,False,0.0,2025-06-22,Data fetch failed
GWRE,False,False,0.0,False,0.0,2025-06-22,Data fetch failed
ALNT,False,False,0.0,False,0.0,2025-06-22,Data fetch failed
TCI,False,False,0.0,False,0.0,2025-06-22,Data fetch failed
AEM,False,False,0.0,False,0.0,2025-06-22,Data fetch failed
CW,False,False,0.0,False,0.0,2025-06-22,Data fetch failed
EVEX,False,False,0.0,False,0.0,2025-06-22,Data fetch failed
NUKZ,False,False,0.0,False,0.0,2025-06-22,Data fetch failed
DASH,False,False,0.0,False,0.0,2025-06-22,Data fetch failed
TFPM,False,False,0.0,False,0.0,2025-06-22,Data fetch failed
PEGA,False,False,0.0,False,0.0,2025-06-22,Data fetch failed
ARKF,False,False,0.0,False,0.0,2025-06-22,Data fetch failed
WPM,False,False,0.0,False,0.0,2025-06-22,Data fetch failed
PSIL,False,False,0.0,False,0.0,2025-06-22,Data fetch failed
ZLAB,False,False,0.0,False,0.0,2025-06-22,Data fetch failed
PBI,False,False,0.0,False,0.0,2025-06-22,Data fetch failed
GOEX,False,False,0.0,False,0.0,2025-06-22,Data fetch failed
WHLRP,False,False,0.0,False,0.0,2025-06-22,Data fetch failed
EXEEL,False,False,0.0,False,0.0,2025-06-22,Data fetch failed
IAG,False,False,0.0,False,0.0,2025-06-22,Data fetch failed
ELPC,False,False,0.0,False,0.0,2025-06-22,Data fetch failed
NN,False,False,0.0,False,0.0,2025-06-22,Data fetch failed
COIN,False,False,0.0,False,0.0,2025-06-22,Data fetch failed
FINV,False,False,0.0,False,0.0,2025-06-22,Data fetch failed
CEG,False,False,0.0,False,0.0,2025-06-22,Data fetch failed
CAH,False,False,0.0,False,0.0,2025-06-22,Data fetch failed
ODC,False,False,0.0,False,0.0,2025-06-22,Data fetch failed
NTES,False,False,0.0,False,0.0,2025-06-22,Data fetch failed
OR,False,False,0.0,False,0.0,2025-06-22,Data fetch failed
X,False,False,0.0,False,0.0,2025-06-22,Data fetch failed
GDXJ,False,False,0.0,False,0.0,2025-06-22,Data fetch failed
RCL,False,False,0.0,False,0.0,2025-06-22,Data fetch failed
JOYY,False,False,0.0,False,0.0,2025-06-22,Data fetch failed
FPH,False,False,0.0,False,0.0,2025-06-22,Data fetch failed
BPMC,False,False,0.0,False,0.0,2025-06-22,Data fetch failed
ACAD,False,False,0.0,False,0.0,2025-06-22,Data fetch failed
AMSC,False,False,0.0,False,0.0,2025-06-22,Data fetch failed
BWXT,False,False,0.0,False,0.0,2025-06-22,Data fetch failed
CRWD,False,False,0.0,False,0.0,2025-06-22,Data fetch failed
ICL,False,False,0.0,False,0.0,2025-06-22,Data fetch failed
QFIN,False,False,0.0,False,0.0,2025-06-22,Data fetch failed
ERJ,False,False,0.0,False,0.0,2025-06-22,Data fetch failed
MGIC,False,False,0.0,False,0.0,2025-06-22,Data fetch failed
VRSN,False,False,0.0,False,0.0,2025-06-22,Data fetch failed
NXT,False,False,0.0,False,0.0,2025-06-22,Data fetch failed
APH,False,False,0.0,False,0.0,2025-06-22,Data fetch failed
RING,False,False,0.0,False,0.0,2025-06-22,Data fetch failed
EQT,False,False,0.0,False,0.0,2025-06-22,Data fetch failed
DAN,False,False,0.0,False,0.0,2025-06-22,Data fetch failed
ISRLU,False,False,0.0,False,0.0,2025-06-22,Data fetch failed
TIGO,False,False,0.0,False,0.0,2025-06-22,Data fetch failed
SNEX,False,False,0.0,False,0.0,2025-06-22,Data fetch failed
FIX,False,False,0.0,False,0.0,2025-06-22,Data fetch failed
SITM,False,False,0.0,False,0.0,2025-06-22,Data fetch failed
KD,False,False,0.0,False,0.0,2025-06-22,Data fetch failed
LITE,False,False,0.0,False,0.0,2025-06-22,Data fetch failed
PLYA,False,False,0.0,False,0.0,2025-06-22,Data fetch failed
NLR,False,False,0.0,False,0.0,2025-06-22,Data fetch failed
NERD,False,False,0.0,False,0.0,2025-06-22,Data fetch failed
PLTM,False,False,0.0,False,0.0,2025-06-22,Data fetch failed
ESE,False,False,0.0,False,0.0,2025-06-22,Data fetch failed
INSM,False,False,0.0,False,0.0,2025-06-22,Data fetch failed
PPLT,False,False,0.0,False,0.0,2025-06-22,Data fetch failed
IDCC,False,False,0.0,False,0.0,2025-06-22,Data fetch failed
BBIO,False,False,0.0,False,0.0,2025-06-22,Data fetch failed
MOS,False,False,0.0,False,0.0,2025-06-22,Data fetch failed
MGNI,False,False,0.0,False,0.0,2025-06-22,Data fetch failed
MRCY,False,False,0.0,False,0.0,2025-06-22,Data fetch failed
GDX,False,False,0.0,False,0.0,2025-06-22,Data fetch failed
FLEX,False,False,0.0,False,0.0,2025-06-22,Data fetch failed
NEUE,False,False,0.0,False,0.0,2025-06-22,Data fetch failed
SGDJ,False,False,0.0,False,0.0,2025-06-22,Data fetch failed
SIL,False,False,0.0,False,0.0,2025-06-22,Data fetch failed
APYX,False,False,0.0,False,0.0,2025-06-22,Data fetch failed
EM,False,False,0.0,False,0.0,2025-06-22,Data fetch failed
MTZ,False,False,0.0,False,0.0,2025-06-22,Data fetch failed
CBRL,False,False,0.0,False,0.0,2025-06-22,Data fetch failed
SLVP,False,False,0.0,False,0.0,2025-06-22,Data fetch failed
FIVE,False,False,0.0,False,0.0,2025-06-22,Data fetch failed
ARKK,False,False,0.0,False,0.0,2025-06-22,Data fetch failed
FORTY,False,False,0.0,False,0.0,2025-06-22,Data fetch failed
VSEC,False,False,0.0,False,0.0,2025-06-22,Data fetch failed
TKO,False,False,0.0,False,0.0,2025-06-22,Data fetch failed
RBKB,False,False,0.0,False,0.0,2025-06-22,Data fetch failed
WWD,False,False,0.0,False,0.0,2025-06-22,Data fetch failed
ESPO,False,False,0.0,False,0.0,2025-06-22,Data fetch failed
HIPO,False,False,0.0,False,0.0,2025-06-22,Data fetch failed
IMAX,False,False,0.0,False,0.0,2025-06-22,Data fetch failed
BJRI,False,False,0.0,False,0.0,2025-06-22,Data fetch failed
BH,False,False,0.0,False,0.0,2025-06-22,Data fetch failed
JCI,False,False,0.0,False,0.0,2025-06-22,Data fetch failed
TTWO,False,False,0.0,False,0.0,2025-06-22,Data fetch failed
HERO,False,False,0.0,False,0.0,2025-06-22,Data fetch failed
BTI,False,False,0.0,False,0.0,2025-06-22,Data fetch failed
UGI,False,False,0.0,False,0.0,2025-06-22,Data fetch failed
APG,False,False,0.0,False,0.0,2025-06-22,Data fetch failed
EMX,False,False,0.0,False,0.0,2025-06-22,Data fetch failed
FBL,False,False,0.0,False,0.0,2025-06-22,Data fetch failed
LYV,False,False,0.0,False,0.0,2025-06-22,Data fetch failed
UFO,False,False,0.0,False,0.0,2025-06-22,Data fetch failed
VIRT,False,False,0.0,False,0.0,2025-06-22,Data fetch failed
EPRX,False,False,0.0,False,0.0,2025-06-22,Data fetch failed
PBPB,False,False,0.0,False,0.0,2025-06-22,Data fetch failed
AVGO,False,False,0.0,False,0.0,2025-06-22,Data fetch failed
PUK,False,False,0.0,False,0.0,2025-06-22,Data fetch failed
CAKE,False,False,0.0,False,0.0,2025-06-22,Data fetch failed
DCO,False,False,0.0,False,0.0,2025-06-22,Data fetch failed
IBM,False,False,0.0,False,0.0,2025-06-22,Data fetch failed
MYRG,False,False,0.0,False,0.0,2025-06-22,Data fetch failed
HCSG,False,False,0.0,False,0.0,2025-06-22,Data fetch failed
NATH,False,False,0.0,False,0.0,2025-06-22,Data fetch failed
NFG,False,False,0.0,False,0.0,2025-06-22,Data fetch failed
ELVA,False,False,0.0,False,0.0,2025-06-22,Data fetch failed
BLOK,False,False,0.0,False,0.0,2025-06-22,Data fetch failed
VIK,False,False,0.0,False,0.0,2025-06-22,Data fetch failed
RDWR,False,False,0.0,False,0.0,2025-06-22,Data fetch failed
SBS,False,False,0.0,False,0.0,2025-06-22,Data fetch failed
EXE,False,False,0.0,False,0.0,2025-06-22,Data fetch failed
VEEV,False,False,0.0,False,0.0,2025-06-22,Data fetch failed
ELTX,False,False,0.0,False,0.0,2025-06-22,Data fetch failed
WILC,False,False,0.0,False,0.0,2025-06-22,Data fetch failed
WRLD,False,False,0.0,False,0.0,2025-06-22,Data fetch failed
BWAY,False,False,0.0,False,0.0,2025-06-22,Data fetch failed
STN,False,False,0.0,False,0.0,2025-06-22,Data fetch failed
NGS,False,False,0.0,False,0.0,2025-06-22,Data fetch failed
KEN,False,False,0.0,False,0.0,2025-06-22,Data fetch failed
ARKQ,False,False,0.0,False,0.0,2025-06-22,Data fetch failed
CALM,False,False,0.0,False,0.0,2025-06-22,Data fetch failed
RSI,False,False,0.0,False,0.0,2025-06-22,Data fetch failed
CASY,False,False,0.0,False,0.0,2025-06-22,Data fetch failed
METU,False,False,0.0,False,0.0,2025-06-22,Data fetch failed
SAH,False,False,0.0,False,0.0,2025-06-22,Data fetch failed
LAUR,False,False,0.0,False,0.0,2025-06-22,Data fetch failed
NCSM,False,False,0.0,False,0.0,2025-06-22,Data fetch failed
FSM,False,False,0.0,False,0.0,2025-06-22,Data fetch failed
IFS,False,False,0.0,False,0.0,2025-06-22,Data fetch failed
CYBR,False,False,0.0,False,0.0,2025-06-22,Data fetch failed
AR,False,False,0.0,False,0.0,2025-06-22,Data fetch failed
OCS,False,False,0.0,False,0.0,2025-06-22,Data fetch failed
DRI,False,False,0.0,False,0.0,2025-06-22,Data fetch failed
FTI,False,False,0.0,False,0.0,2025-06-22,Data fetch failed
NC,False,False,0.0,False,0.0,2025-06-22,Data fetch failed
FNGO,False,False,0.0,False,0.0,2025-06-22,Data fetch failed
CTVA,False,False,0.0,False,0.0,2025-06-22,Data fetch failed
WINA,False,False,0.0,False,0.0,2025-06-22,Data fetch failed
SXT,False,False,0.0,False,0.0,2025-06-22,Data fetch failed
PAAS,False,False,0.0,False,0.0,2025-06-22,Data fetch failed
ARKX,False,False,0.0,False,0.0,2025-06-22,Data fetch failed
LOGC,False,False,0.0,False,0.0,2025-06-22,Data fetch failed
UCYB,False,False,0.0,False,0.0,2025-06-22,Data fetch failed
CSV,False,False,0.0,False,0.0,2025-06-22,Data fetch failed
CF,False,False,0.0,False,0.0,2025-06-22,Data fetch failed
BWEB,False,False,0.0,False,0.0,2025-06-22,Data fetch failed
BNGE,False,False,0.0,False,0.0,2025-06-22,Data fetch failed
IMMX,False,False,0.0,False,0.0,2025-06-22,Data fetch failed
CNK,False,False,0.0,False,0.0,2025-06-22,Data fetch failed
PWR,False,False,0.0,False,0.0,2025-06-22,Data fetch failed
AGMI,False,False,0.0,False,0.0,2025-06-22,Data fetch failed
BASE,False,False,0.0,False,0.0,2025-06-22,Data fetch failed
LENZ,False,False,0.0,False,0.0,2025-06-22,Data fetch failed
ENLT,False,False,0.0,False,0.0,2025-06-22,Data fetch failed
FNGG,False,False,0.0,False,0.0,2025-06-22,Data fetch failed
RNXT,False,False,0.0,False,0.0,2025-06-22,Data fetch failed
NTR,False,False,0.0,False,0.0,2025-06-22,Data fetch failed
BUZZ,False,False,0.0,False,0.0,2025-06-22,Data fetch failed
CAE,False,False,0.0,False,0.0,2025-06-22,Data fetch failed
FGDL,False,False,0.0,False,0.0,2025-06-22,Data fetch failed
IAUM,False,False,0.0,False,0.0,2025-06-22,Data fetch failed
BAR,False,False,0.0,False,0.0,2025-06-22,Data fetch failed
GLDM,False,False,0.0,False,0.0,2025-06-22,Data fetch failed
SGOL,False,False,0.0,False,0.0,2025-06-22,Data fetch failed
AAAU,False,False,0.0,False,0.0,2025-06-22,Data fetch failed
OUNZ,False,False,0.0,False,0.0,2025-06-22,Data fetch failed
BITQ,False,False,0.0,False,0.0,2025-06-22,Data fetch failed
FPX,False,False,0.0,False,0.0,2025-06-22,Data fetch failed
GLD,False,False,0.0,False,0.0,2025-06-22,Data fetch failed
XAR,False,False,0.0,False,0.0,2025-06-22,Data fetch failed
EIS,False,False,0.0,False,0.0,2025-06-22,Data fetch failed
EBAY,False,False,0.0,False,0.0,2025-06-22,Data fetch failed
BK,False,False,0.0,False,0.0,2025-06-22,Data fetch failed
GSIB,False,False,0.0,False,0.0,2025-06-22,Data fetch failed
AIBU,False,False,0.0,False,0.0,2025-06-22,Data fetch failed
RFIL,False,False,0.0,False,0.0,2025-06-22,Data fetch failed
QTUM,False,False,0.0,False,0.0,2025-06-22,Data fetch failed
PHYS,False,False,0.0,False,0.0,2025-06-22,Data fetch failed
NTRA,False,False,0.0,False,0.0,2025-06-22,Data fetch failed
KMDA,False,False,0.0,False,0.0,2025-06-22,Data fetch failed
MGYR,False,False,0.0,False,0.0,2025-06-22,Data fetch failed
GAMR,False,False,0.0,False,0.0,2025-06-22,Data fetch failed
META,False,False,0.0,False,0.0,2025-06-22,Data fetch failed
ALGM,False,False,0.0,False,0.0,2025-06-22,Data fetch failed
AAMI,False,False,0.0,False,0.0,2025-06-22,Data fetch failed
GB,False,False,0.0,False,0.0,2025-06-22,Data fetch failed
JPM,False,False,0.0,False,0.0,2025-06-22,Data fetch failed
BLX,False,False,0.0,False,0.0,2025-06-22,Data fetch failed
GPOR,False,False,0.0,False,0.0,2025-06-22,Data fetch failed
KT,False,False,0.0,False,0.0,2025-06-22,Data fetch failed
COF,False,False,0.0,False,0.0,2025-06-22,Data fetch failed
MIRM,False,False,0.0,False,0.0,2025-06-22,Data fetch failed
KEMQ,False,False,0.0,False,0.0,2025-06-22,Data fetch failed
CEF,False,False,0.0,False,0.0,2025-06-22,Data fetch failed
FOX,False,False,0.0,False,0.0,2025-06-22,Data fetch failed
ALAI,False,False,0.0,False,0.0,2025-06-22,Data fetch failed
CHAT,False,False,0.0,False,0.0,2025-06-22,Data fetch failed
SPRX,False,False,0.0,False,0.0,2025-06-22,Data fetch failed
BPAY,False,False,0.0,False,0.0,2025-06-22,Data fetch failed
MCK,False,False,0.0,False,0.0,2025-06-22,Data fetch failed
DE,False,False,0.0,False,0.0,2025-06-22,Data fetch failed
FDD,False,False,0.0,False,0.0,2025-06-22,Data fetch failed
SCHW,False,False,0.0,False,0.0,2025-06-22,Data fetch failed
GLTR,False,False,0.0,False,0.0,2025-06-22,Data fetch failed
ATFV,False,False,0.0,False,0.0,2025-06-22,Data fetch failed
SANM,False,False,0.0,False,0.0,2025-06-22,Data fetch failed
TGS,False,False,0.0,False,0.0,2025-06-22,Data fetch failed
ITA,False,False,0.0,False,0.0,2025-06-22,Data fetch failed
TASK,False,False,0.0,False,0.0,2025-06-22,Data fetch failed
EPR,False,False,0.0,False,0.0,2025-06-22,Data fetch failed
INTU,False,False,0.0,False,0.0,2025-06-22,Data fetch failed
GDE,False,False,0.0,False,0.0,2025-06-22,Data fetch failed
GS,False,False,0.0,False,0.0,2025-06-22,Data fetch failed
BAP,False,False,0.0,False,0.0,2025-06-22,Data fetch failed
PLNT,False,False,0.0,False,0.0,2025-06-22,Data fetch failed
ACMR,False,False,0.0,False,0.0,2025-06-22,Data fetch failed
ROK,False,False,0.0,False,0.0,2025-06-22,Data fetch failed
FWONA,False,False,0.0,False,0.0,2025-06-22,Data fetch failed
CSCO,False,False,0.0,False,0.0,2025-06-22,Data fetch failed
RTX,False,False,0.0,False,0.0,2025-06-22,Data fetch failed
RRC,False,False,0.0,False,0.0,2025-06-22,Data fetch failed
RPRX,False,False,0.0,False,0.0,2025-06-22,Data fetch failed
CIB,False,False,0.0,False,0.0,2025-06-22,Data fetch failed
NEXT,False,False,0.0,False,0.0,2025-06-22,Data fetch failed
UAN,False,False,0.0,False,0.0,2025-06-22,Data fetch failed
RBC,False,False,0.0,False,0.0,2025-06-22,Data fetch failed
UTES,False,False,0.0,False,0.0,2025-06-22,Data fetch failed
CM,False,False,0.0,False,0.0,2025-06-22,Data fetch failed
MTSI,False,False,0.0,False,0.0,2025-06-22,Data fetch failed
NEU,False,False,0.0,False,0.0,2025-06-22,Data fetch failed
DGII,False,False,0.0,False,0.0,2025-06-22,Data fetch failed
ISRA,False,False,0.0,False,0.0,2025-06-22,Data fetch failed
EVRI,False,False,0.0,False,0.0,2025-06-22,Data fetch failed
NDAQ,False,False,0.0,False,0.0,2025-06-22,Data fetch failed
SGI,False,False,0.0,False,0.0,2025-06-22,Data fetch failed
NFLP,False,False,0.0,False,0.0,2025-06-22,Data fetch failed
AEIS,False,False,0.0,False,0.0,2025-06-22,Data fetch failed
ROKT,False,False,0.0,False,0.0,2025-06-22,Data fetch failed
OGIG,False,False,0.0,False,0.0,2025-06-22,Data fetch failed
ODDS,False,False,0.0,False,0.0,2025-06-22,Data fetch failed
CUK,False,False,0.0,False,0.0,2025-06-22,Data fetch failed
BKGI,False,False,0.0,False,0.0,2025-06-22,Data fetch failed
JOF,False,False,0.0,False,0.0,2025-06-22,Data fetch failed
IROQ,False,False,0.0,False,0.0,2025-06-22,Data fetch failed
RCG,False,False,0.0,False,0.0,2025-06-22,Data fetch failed
CCL,False,False,0.0,False,0.0,2025-06-22,Data fetch failed
GAN,False,False,0.0,False,0.0,2025-06-22,Data fetch failed
DBP,False,False,0.0,False,0.0,2025-06-22,Data fetch failed
GOLY,False,False,0.0,False,0.0,2025-06-22,Data fetch failed
DBD,False,False,0.0,False,0.0,2025-06-22,Data fetch failed
GLNG,False,False,0.0,False,0.0,2025-06-22,Data fetch failed
GCAD,False,False,0.0,False,0.0,2025-06-22,Data fetch failed
GEG,False,False,0.0,False,0.0,2025-06-22,Data fetch failed
METV,False,False,0.0,False,0.0,2025-06-22,Data fetch failed
FTWO,False,False,0.0,False,0.0,2025-06-22,Data fetch failed
AORT,False,False,0.0,False,0.0,2025-06-22,Data fetch failed
WELL,False,False,0.0,False,0.0,2025-06-22,Data fetch failed
PRIM,False,False,0.0,False,0.0,2025-06-22,Data fetch failed
CNEQ,False,False,0.0,False,0.0,2025-06-22,Data fetch failed
RXD,False,False,0.0,False,0.0,2025-06-22,Data fetch failed
PPA,False,False,0.0,False,0.0,2025-06-22,Data fetch failed
FNGS,False,False,0.0,False,0.0,2025-06-22,Data fetch failed
FDT,False,False,0.0,False,0.0,2025-06-22,Data fetch failed
PIZ,False,False,0.0,False,0.0,2025-06-22,Data fetch failed
MS,False,False,0.0,False,0.0,2025-06-22,Data fetch failed
SHCO,False,False,0.0,False,0.0,2025-06-22,Data fetch failed
SOCL,False,False,0.0,False,0.0,2025-06-22,Data fetch failed
TMAT,False,False,0.0,False,0.0,2025-06-22,Data fetch failed
CIBR,False,False,0.0,False,0.0,2025-06-22,Data fetch failed
C,False,False,0.0,False,0.0,2025-06-22,Data fetch failed
TBPH,False,False,0.0,False,0.0,2025-06-22,Data fetch failed
IAI,False,False,0.0,False,0.0,2025-06-22,Data fetch failed
IZRL,False,False,0.0,False,0.0,2025-06-22,Data fetch failed
BETZ,False,False,0.0,False,0.0,2025-06-22,Data fetch failed
ITRI,False,False,0.0,False,0.0,2025-06-22,Data fetch failed
RMCO,False,False,0.0,False,0.0,2025-06-22,Data fetch failed
GXG,False,False,0.0,False,0.0,2025-06-22,Data fetch failed
BYD,False,False,0.0,False,0.0,2025-06-22,Data fetch failed
ECNS,False,False,0.0,False,0.0,2025-06-22,Data fetch failed
IRMD,False,False,0.0,False,0.0,2025-06-22,Data fetch failed
EME,False,False,0.0,False,0.0,2025-06-22,Data fetch failed
AFK,False,False,0.0,False,0.0,2025-06-22,Data fetch failed
ASND,False,False,0.0,False,0.0,2025-06-22,Data fetch failed
ARVR,False,False,0.0,False,0.0,2025-06-22,Data fetch failed
FLUT,False,False,0.0,False,0.0,2025-06-22,Data fetch failed
PAX,False,False,0.0,False,0.0,2025-06-22,Data fetch failed
EFAS,False,False,0.0,False,0.0,2025-06-22,Data fetch failed
NTRS,False,False,0.0,False,0.0,2025-06-22,Data fetch failed
CPBI,False,False,0.0,False,0.0,2025-06-22,Data fetch failed
LOUP,False,False,0.0,False,0.0,2025-06-22,Data fetch failed
DIS,False,False,0.0,False,0.0,2025-06-22,Data fetch failed
BNT,False,False,0.0,False,0.0,2025-06-22,Data fetch failed
GTES,False,False,0.0,False,0.0,2025-06-22,Data fetch failed
FDTS,False,False,0.0,False,0.0,2025-06-22,Data fetch failed
HACK,False,False,0.0,False,0.0,2025-06-22,Data fetch failed
SYF,False,False,0.0,False,0.0,2025-06-22,Data fetch failed
PWRD,False,False,0.0,False,0.0,2025-06-22,Data fetch failed
PHX,False,False,0.0,False,0.0,2025-06-22,Data fetch failed
BN,False,False,0.0,False,0.0,2025-06-22,Data fetch failed
LTL,False,False,0.0,False,0.0,2025-06-22,Data fetch failed
CR,False,False,0.0,False,0.0,2025-06-22,Data fetch failed
FDNI,False,False,0.0,False,0.0,2025-06-22,Data fetch failed
NORW,False,False,0.0,False,0.0,2025-06-22,Data fetch failed
GPI,False,False,0.0,False,0.0,2025-06-22,Data fetch failed
TRI,False,False,0.0,False,0.0,2025-06-22,Data fetch failed
NTCT,False,False,0.0,False,0.0,2025-06-22,Data fetch failed
TRFK,False,False,0.0,False,0.0,2025-06-22,Data fetch failed
SIVR,False,False,0.0,False,0.0,2025-06-22,Data fetch failed
JEQ,False,False,0.0,False,0.0,2025-06-22,Data fetch failed
USG,False,False,0.0,False,0.0,2025-06-22,Data fetch failed
OLLI,False,False,0.0,False,0.0,2025-06-22,Data fetch failed
DGX,False,False,0.0,False,0.0,2025-06-22,Data fetch failed
SFYF,False,False,0.0,False,0.0,2025-06-22,Data fetch failed
SLV,False,False,0.0,False,0.0,2025-06-22,Data fetch failed
SAMT,False,False,0.0,False,0.0,2025-06-22,Data fetch failed
LH,False,False,0.0,False,0.0,2025-06-22,Data fetch failed
